<?xml version="1.0"?><fonts><font displayName="Museo™ Sans W01 100" psName="MuseoSansW01-100" FamilyName="Museo™ Sans" FontWeight="100" FontStyle="normal" FontStretch="normal" CssFamilyName="Museo Sans W01" woff="e976d680-12b6-411e-9f79-0ef9287f484d.woff" eot="e14e9fd6-0631-4491-b873-211c7b6f926c.eot" ttf="81780024-f1ae-4135-a0ae-d0bab2c19986.ttf" svg="98fa899e-fa41-4563-b67a-33d373ba60ee.svg" woff2="fd9d5b5d-71c1-4db0-bf20-cd7e3ce4d069.woff2"/><font displayName="Museo W01 900" psName="MuseoW01-900" FamilyName="Museo" FontWeight="500" FontStyle="normal" FontStretch="normal" CssFamilyName="Museo W01" woff="6c2eb955-de0e-4fee-88d2-b7d4efd3b231.woff" eot="6eae3489-a367-4dd0-8e8d-f04af6173895.eot" ttf="d7334e65-d173-4627-9343-888384cb4ba8.ttf" svg="1974d8aa-f576-4359-ad9d-67a183f915c8.svg" woff2="30cf41ae-6706-4b43-af3c-b78d041b321f.woff2"/><font displayName="Museo™ Sans W01 300" psName="MuseoSansW01-300" FamilyName="Museo™ Sans" FontWeight="200" FontStyle="normal" FontStretch="normal" CssFamilyName="Museo Sans W01" woff="b252d464-65cb-4950-88f7-ac0a1bf79b75.woff" eot="fd479df2-01b0-4e3a-a411-915c477f1352.eot" ttf="b3d18117-6517-4d3f-afc1-774086ff5fc1.ttf" svg="b9bed509-0816-43d8-b14b-7525a21f4bde.svg" woff2="1d3191cd-ae8c-45e2-bb04-11e96d8fa974.woff2"/><font displayName="Museo™ Sans W01 700" psName="MuseoSansW01-700" FamilyName="Museo™ Sans" FontWeight="400" FontStyle="normal" FontStretch="normal" CssFamilyName="Museo Sans W01" woff="eadbb595-a394-48fc-834f-8bf5da15cddf.woff" eot="3d0a39cf-115c-4800-9b1e-31c7912abfc2.eot" ttf="9bcba093-b507-4b9b-9c83-303003d3815c.ttf" svg="9a2af429-2624-4bd1-a676-8f0eed3e7e31.svg" woff2="e2d37f34-6bca-473c-b64d-93811f4dc046.woff2"/><font displayName="Museo™ Sans W01 500" psName="MuseoSansW01-500" FamilyName="Museo™ Sans" FontWeight="300" FontStyle="normal" FontStretch="normal" CssFamilyName="Museo Sans W01" woff="d42dd843-62b0-4623-8855-d5882512c3c9.woff" eot="a29947fd-0c53-492b-b2f4-399b01153b30.eot" ttf="6d532ccb-086c-4000-bab2-5d16862fcf01.ttf" svg="f56b7407-f97b-4cb3-9ce6-4e13065eec93.svg" woff2="d9896899-f08c-4750-a874-a9e10d83c2cb.woff2"/><font displayName="Museo™ Sans W01 900" psName="MuseoSansW01-900" FamilyName="Museo™ Sans" FontWeight="500" FontStyle="normal" FontStretch="normal" CssFamilyName="Museo Sans W01" woff="3619b5f4-8df9-44f5-8c53-b7c236e9c74e.woff" eot="7e90c1ee-e4b1-46f0-9134-93a8ba421545.eot" ttf="9b2d949a-4e1c-435c-8412-f377c80583ae.ttf" svg="7a319e11-05eb-49ce-bdb7-f692766e6477.svg" woff2="009ca58d-46af-4651-a359-f0ae2301085b.woff2"/><font displayName="Museo W01 300" psName="MuseoW01-300" FamilyName="Museo" FontWeight="200" FontStyle="normal" FontStretch="normal" CssFamilyName="Museo W01" woff="827f2f08-a8d3-40b2-9795-927b59905269.woff" eot="33e3dd38-a7c3-4a78-9660-90a0e7406419.eot" ttf="92143848-9290-4516-80fc-ebf83b053307.ttf" svg="b0d9d7a5-5c5b-439c-afa5-2c875dcf8ea2.svg" woff2="d9dabe05-624c-4f28-8eee-b3b6f1841abf.woff2"/><font displayName="Museo W01 500" psName="MuseoW01-500" FamilyName="Museo" FontWeight="300" FontStyle="normal" FontStretch="normal" CssFamilyName="Museo W01" woff="dee84039-06ae-4a61-89c4-709e594804a3.woff" eot="3a1a59f5-1f68-4ebd-84ad-a9048fe78e39.eot" ttf="9547becc-44c3-4b00-8568-8d3debb4d299.ttf" svg="5d61f150-54fd-4fa1-98ff-155e222626e1.svg" woff2="52be0694-00c1-4daa-8782-419021c48e95.woff2"/></fonts>